tweets_seen	friends_seen	n
1	1	1403023
2	1	416361
2	2	933070
3	1	221468
3	2	481624
3	3	603155
4	1	137906
4	2	302475
4	3	440728
4	4	387921
5	1	101436
5	2	195428
5	3	325801
5	4	362425
5	5	251970
6	1	79643
6	2	142062
6	3	231261
6	4	308059
6	5	282282
6	6	165489
7	1	64506
7	2	110212
7	3	174374
7	4	241106
7	5	270084
7	6	212007
7	7	111168
8	1	52333
8	2	88892
8	3	138167
8	4	191008
8	5	231388
8	6	225946
8	7	155736
8	8	76688
9	1	40260
9	2	75320
9	3	112441
9	4	157246
9	5	193586
9	6	209742
9	7	181912
9	8	114211
9	9	54221
10	1	33910
10	2	58196
10	3	96797
10	4	130794
10	5	166351
10	6	184729
10	7	182362
10	8	143514
10	9	83341
10	10	39323
11	1	29994
11	2	47296
11	3	78051
11	4	112677
11	5	142562
11	6	165022
11	7	169307
11	8	153964
11	9	111645
11	10	60882
11	11	29504
12	1	26839
12	2	40165
12	3	63902
12	4	94510
12	5	123925
12	6	146229
12	7	157163
12	8	150056
12	9	127483
12	10	86206
12	11	44667
12	12	22695
13	1	24355
13	2	34905
13	3	53475
13	4	79083
13	5	106766
13	6	129337
13	7	143944
13	8	144688
13	9	130024
13	10	103861
13	11	65621
13	12	33491
13	13	17953
14	1	22107
14	2	30379
14	3	46310
14	4	67000
14	5	91474
14	6	114317
14	7	129843
14	8	136672
14	9	130084
14	10	110047
14	11	83795
14	12	50272
14	13	25178
14	14	14561
15	1	21079
15	2	26491
15	3	40173
15	4	57747
15	5	78651
15	6	100315
15	7	117093
15	8	126353
15	9	126943
15	10	114230
15	11	92046
15	12	66871
15	13	38557
15	14	19371
15	15	12020
16	1	19546
16	2	24307
16	3	34818
16	4	50449
16	5	68400
16	6	87821
16	7	104601
16	8	116988
16	9	119273
16	10	115374
16	11	98491
16	12	76047
16	13	53374
16	14	29615
16	15	15033
16	16	10213
17	1	15896
17	2	24467
17	3	31247
17	4	43872
17	5	60197
17	6	77280
17	7	93398
17	8	106897
17	9	112565
17	10	111126
17	11	102252
17	12	84196
17	13	62594
17	14	42331
17	15	22833
17	16	11881
17	17	8834
18	1	14984
18	2	20714
18	3	29715
18	4	39192
18	5	52799
18	6	68517
18	7	83210
18	8	97386
18	9	104634
18	10	106946
18	11	101110
18	12	89699
18	13	70831
18	14	51212
18	15	33633
18	16	17689
18	17	9712
18	18	7760
19	1	13230
19	2	19885
19	3	26103
19	4	35966
19	5	47143
19	6	60818
19	7	74886
19	8	87607
19	9	97538
19	10	100781
19	11	99328
19	12	90345
19	13	77825
19	14	59588
19	15	41594
19	16	26694
19	17	13913
19	18	8095
19	19	6822
20	1	12579
20	2	17391
20	3	24571
20	4	32192
20	5	42454
20	6	54684
20	7	67320
20	8	79410
20	9	89575
20	10	94927
20	11	95223
20	12	90827
20	13	80216
20	14	66644
20	15	49813
20	16	33613
20	17	21377
20	18	11020
20	19	6874
20	20	6075
21	1	11380
21	2	16723
21	3	21699
21	4	29945
21	5	38111
21	6	49427
21	7	60710
21	8	72184
21	9	82377
21	10	88717
21	11	90789
21	12	89128
21	13	82022
21	14	70154
21	15	56860
21	16	41216
21	17	27137
21	18	17329
21	19	8716
21	20	6023
21	21	5429
22	1	9269
22	2	16606
22	3	20360
22	4	26893
22	5	35030
22	6	44668
22	7	55043
22	8	65751
22	9	75531
22	10	82646
22	11	85959
22	12	86425
22	13	81905
22	14	72952
22	15	60984
22	16	48233
22	17	34006
22	18	22142
22	19	14035
22	20	7044
22	21	5287
22	22	4909
23	1	7972
23	2	14630
23	3	20262
23	4	24857
23	5	31793
23	6	40897
23	7	49964
23	8	60072
23	9	69827
23	10	76556
23	11	81252
23	12	82835
23	13	80623
23	14	73972
23	15	64501
23	16	52512
23	17	40917
23	18	27991
23	19	18074
23	20	11453
23	21	5808
23	22	4756
23	23	4427
24	1	7508
24	2	12284
24	3	19040
24	4	24055
24	5	29230
24	6	37035
24	7	45855
24	8	54768
24	9	64134
24	10	71457
24	11	76470
24	12	78855
24	13	78647
24	14	73639
24	15	66740
24	16	56598
24	17	45026
24	18	34404
24	19	23127
24	20	14809
24	21	9529
24	22	4879
24	23	4248
24	24	3996
25	1	6830
25	2	11465
25	3	16502
25	4	22969
25	5	27761
25	6	34057
25	7	41794
25	8	50415
25	9	58740
25	10	66491
25	11	71866
25	12	75354
25	13	75319
25	14	73291
25	15	67408
25	16	59617
25	17	49168
25	18	38408
25	19	28927
25	20	19093
25	21	12288
25	22	7999
25	23	4057
25	24	3859
25	25	3639
26	1	6541
26	2	10257
26	3	15293
26	4	20589
26	5	26452
26	6	32114
26	7	38089
26	8	46308
26	9	54182
26	10	61759
26	11	67403
26	12	71541
26	13	72709
26	14	71305
26	15	67699
26	16	60818
26	17	52318
26	18	42809
26	19	32766
26	20	24332
26	21	15981
26	22	10203
26	23	6707
26	24	3459
26	25	3575
26	26	3269
27	1	6072
27	2	9730
27	3	13687
27	4	19127
27	5	24382
27	6	30270
27	7	35751
27	8	42450
27	9	50383
27	10	57144
27	11	62894
27	12	68008
27	13	69505
27	14	69408
27	15	66628
27	16	61814
27	17	54465
27	18	45923
27	19	37112
27	20	27788
27	21	20480
27	22	13390
27	23	8589
27	24	5666
27	25	3018
27	26	3315
27	27	2974
28	1	5845
28	2	8861
28	3	12871
28	4	17363
28	5	22565
28	6	28200
28	7	33736
28	8	39493
28	9	46574
28	10	52924
28	11	59010
28	12	63936
28	13	66468
28	14	67354
28	15	65629
28	16	61502
28	17	56139
28	18	48543
28	19	40297
28	20	31824
28	21	23532
28	22	17458
28	23	11209
28	24	7227
28	25	4848
28	26	2623
28	27	3084
28	28	2711
29	1	5546
29	2	8433
29	3	11713
29	4	16200
29	5	20850
29	6	26327
29	7	31435
29	8	37136
29	9	43256
29	10	49458
29	11	54745
29	12	60429
29	13	63127
29	14	65178
29	15	64011
29	16	61290
29	17	56684
29	18	50565
29	19	42927
29	20	35012
29	21	27421
29	22	20009
29	23	14822
29	24	9317
29	25	6227
29	26	4174
29	27	2300
29	28	2901
29	29	2447
30	1	5251
30	2	7893
30	3	11035
30	4	14863
30	5	19523
30	6	24315
30	7	29612
30	8	34843
30	9	40424
30	10	45865
30	11	51579
30	12	56763
30	13	59954
30	14	62466
30	15	62377
30	16	60219
30	17	57112
30	18	51498
30	19	45288
30	20	37696
30	21	30667
30	22	23391
30	23	17046
30	24	12673
30	25	7820
30	26	5407
30	27	3548
30	28	2089
30	29	2718
30	30	2238
31	1	5007
31	2	7430
31	3	10345
31	4	13884
31	5	18052
31	6	22791
31	7	27605
31	8	32774
31	9	37707
31	10	43043
31	11	48249
31	12	53221
31	13	57243
31	14	59523
31	15	60707
31	16	59158
31	17	56560
31	18	52496
31	19	46560
31	20	40407
31	21	33002
31	22	26623
31	23	20135
31	24	14470
31	25	10906
31	26	6651
31	27	4619
31	28	3167
31	29	1873
31	30	2576
31	31	2022
32	1	4790
32	2	6998
32	3	9719
32	4	13066
32	5	16890
32	6	21147
32	7	25789
32	8	30743
32	9	35604
32	10	40227
32	11	45477
32	12	49815
32	13	54264
32	14	57140
32	15	58199
32	16	58112
32	17	55809
32	18	52794
32	19	47750
32	20	41926
32	21	35790
32	22	29036
32	23	22914
32	24	17240
32	25	12445
32	26	9384
32	27	5720
32	28	4005
32	29	2783
32	30	1762
32	31	2370
32	32	1855
33	1	4606
33	2	6692
33	3	9019
33	4	12170
33	5	15950
33	6	19711
33	7	24209
33	8	28772
33	9	33426
33	10	37797
33	11	42881
33	12	47062
33	13	51077
33	14	54378
33	15	56384
33	16	56070
33	17	55248
33	18	52471
33	19	48607
33	20	43295
33	21	37575
33	22	31644
33	23	25486
33	24	19702
33	25	14732
33	26	10878
33	27	8100
33	28	4999
33	29	3439
33	30	2499
33	31	1629
33	32	2233
33	33	1683
34	1	4478
34	2	6365
34	3	8548
34	4	11312
34	5	14937
34	6	18594
34	7	22677
34	8	27016
34	9	31444
34	10	35455
34	11	40355
34	12	44639
34	13	48267
34	14	51649
34	15	54027
34	16	54718
34	17	53849
34	18	52236
34	19	48610
34	20	44709
34	21	38951
34	22	33741
34	23	27929
34	24	22026
34	25	17172
34	26	12611
34	27	9364
34	28	7196
34	29	4221
34	30	3092
34	31	2282
34	32	1486
34	33	2133
34	34	1504
35	1	4197
35	2	6220
35	3	8047
35	4	10691
35	5	14015
35	6	17455
35	7	21258
35	8	25417
35	9	29684
35	10	33451
35	11	38077
35	12	42096
35	13	45788
35	14	49363
35	15	51482
35	16	52869
35	17	52548
35	18	51566
35	19	48739
35	20	45170
35	21	40527
35	22	35446
35	23	29958
35	24	24343
35	25	19207
35	26	14750
35	27	11063
35	28	8177
35	29	6227
35	30	3696
35	31	2724
35	32	2097
35	33	1408
35	34	2018
35	35	1337
36	1	3923
36	2	5924
36	3	7793
36	4	10089
36	5	13213
36	6	16308
36	7	20134
36	8	23780
36	9	28151
36	10	31497
36	11	35957
36	12	39898
36	13	43386
36	14	46803
36	15	49358
36	16	50852
36	17	51144
36	18	50573
36	19	48553
36	20	45586
36	21	41409
36	22	37043
36	23	31506
36	24	26519
36	25	21314
36	26	16723
36	27	12780
36	28	9682
36	29	7193
36	30	5492
36	31	3180
36	32	2431
36	33	1952
36	34	1329
36	35	1913
36	36	1185
37	1	3728
37	2	5490
37	3	7572
37	4	9703
37	5	12402
37	6	15266
37	7	19011
37	8	22386
37	9	26597
37	10	29871
37	11	33875
37	12	37718
37	13	41332
37	14	44374
37	15	47300
37	16	48960
37	17	49589
37	18	49408
37	19	48099
37	20	45742
37	21	41731
37	22	38116
37	23	33283
37	24	28388
37	25	23342
37	26	18753
37	27	14482
37	28	11246
37	29	8442
37	30	6359
37	31	4783
37	32	2795
37	33	2243
37	34	1790
37	35	1243
37	36	1792
37	37	1053
38	1	3583
38	2	5129
38	3	7229
38	4	9306
38	5	11927
38	6	14289
38	7	17851
38	8	21197
38	9	25085
38	10	28390
38	11	31954
38	12	35552
38	13	39236
38	14	42645
38	15	44906
38	16	47068
38	17	47823
38	18	48261
38	19	47331
38	20	45602
38	21	42554
38	22	38516
38	23	34466
38	24	30173
38	25	25210
38	26	20582
38	27	16357
38	28	12695
38	29	9879
38	30	7320
38	31	5625
38	32	4279
38	33	2455
38	34	2116
38	35	1648
38	36	1152
38	37	1691
38	38	935
39	1	3477
39	2	4852
39	3	6786
39	4	8918
39	5	11393
39	6	13622
39	7	16702
39	8	20043
39	9	23739
39	10	27066
39	11	30253
39	12	33600
39	13	37159
39	14	40458
39	15	43286
39	16	45168
39	17	46072
39	18	46940
39	19	46450
39	20	45321
39	21	42631
39	22	39327
39	23	35406
39	24	31359
39	25	27003
39	26	22450
39	27	18019
39	28	14372
39	29	11058
39	30	8665
39	31	6431
39	32	5040
39	33	3775
39	34	2233
39	35	1974
39	36	1532
39	37	1079
39	38	1570
39	39	830
40	1	3329
40	2	4695
40	3	6380
40	4	8419
40	5	10856
40	6	13042
40	7	15904
40	8	18878
40	9	22374
40	10	25750
40	11	28737
40	12	31909
40	13	35303
40	14	38395
40	15	41496
40	16	43112
40	17	44732
40	18	45559
40	19	45527
40	20	44318
40	21	42869
40	22	39741
40	23	36191
40	24	32544
40	25	28296
40	26	24146
40	27	19880
40	28	15865
40	29	12580
40	30	9681
40	31	7634
40	32	5694
40	33	4509
40	34	3383
40	35	2047
40	36	1835
40	37	1409
40	38	1007
40	39	1471
40	40	737
41	1	3250
41	2	4436
41	3	6111
41	4	7970
41	5	10313
41	6	12404
41	7	15102
41	8	17882
41	9	21150
41	10	24427
41	11	27400
41	12	30386
41	13	33434
41	14	36613
41	15	39409
41	16	41577
41	17	42982
41	18	44471
41	19	44162
41	20	43841
41	21	42461
41	22	40050
41	23	36775
41	24	33338
41	25	29461
41	26	25758
41	27	21464
41	28	17513
41	29	14110
41	30	10974
41	31	8578
41	32	6760
41	33	4974
41	34	4168
41	35	3030
41	36	1838
41	37	1719
41	38	1312
41	39	924
41	40	1375
41	41	653
42	1	3100
42	2	4317
42	3	5781
42	4	7595
42	5	9756
42	6	11839
42	7	14322
42	8	17092
42	9	20092
42	10	23248
42	11	26091
42	12	28914
42	13	31811
42	14	34780
42	15	37728
42	16	39678
42	17	41462
42	18	42849
42	19	43213
42	20	42964
42	21	42184
42	22	39842
42	23	37253
42	24	34222
42	25	30393
42	26	26895
42	27	23081
42	28	19081
42	29	15463
42	30	12419
42	31	9573
42	32	7720
42	33	5922
42	34	4520
42	35	3724
42	36	2749
42	37	1675
42	38	1628
42	39	1190
42	40	886
42	41	1281
42	42	572
43	1	3008
43	2	4112
43	3	5583
43	4	7264
43	5	9237
43	6	11332
43	7	13564
43	8	16306
43	9	19073
43	10	21929
43	11	24975
43	12	27541
43	13	30434
43	14	33082
43	15	36041
43	16	37880
43	17	39821
43	18	41665
43	19	41947
43	20	41912
43	21	41692
43	22	39729
43	23	37552
43	24	34498
43	25	31564
43	26	27968
43	27	24318
43	28	20568
43	29	16992
43	30	13650
43	31	10880
43	32	8588
43	33	6851
43	34	5233
43	35	4105
43	36	3356
43	37	2467
43	38	1604
43	39	1495
43	40	1094
43	41	850
43	42	1193
43	43	506
44	1	2671
44	2	4142
44	3	5310
44	4	6989
44	5	8785
44	6	10760
44	7	13035
44	8	15447
44	9	18169
44	10	20964
44	11	23711
44	12	26332
44	13	29197
44	14	31548
44	15	34282
44	16	36359
44	17	38286
44	18	40047
44	19	40858
44	20	40912
44	21	40760
44	22	39800
44	23	37332
44	24	35056
44	25	31951
44	26	29148
44	27	25348
44	28	22060
44	29	18336
44	30	15069
44	31	12106
44	32	9595
44	33	7677
44	34	5984
44	35	4752
44	36	3741
44	37	3024
44	38	2239
44	39	1525
44	40	1360
44	41	1017
44	42	817
44	43	1105
44	44	446
45	1	2572
45	2	3660
45	3	5415
45	4	6695
45	5	8427
45	6	10218
45	7	12394
45	8	14654
45	9	17348
45	10	20076
45	11	22512
45	12	25212
45	13	27780
45	14	30399
45	15	32676
45	16	35014
45	17	36724
45	18	38494
45	19	39765
45	20	39881
45	21	39853
45	22	39322
45	23	37412
45	24	35143
45	25	32648
45	26	29652
45	27	26578
45	28	23182
45	29	19773
45	30	16233
45	31	13405
45	32	10779
45	33	8571
45	34	6707
45	35	5423
45	36	4310
45	37	3297
45	38	2804
45	39	2090
45	40	1389
45	41	1262
45	42	953
45	43	771
45	44	1026
45	45	390
46	1	2517
46	2	3439
46	3	4959
46	4	6588
46	5	8151
46	6	9727
46	7	11767
46	8	13960
46	9	16587
46	10	19165
46	11	21509
46	12	23841
46	13	26694
46	14	29027
46	15	31370
46	16	33428
46	17	35473
46	18	37042
46	19	38255
46	20	39126
46	21	39017
46	22	38480
46	23	37395
46	24	35306
46	25	32878
46	26	30640
46	27	27176
46	28	24457
46	29	20831
46	30	17712
46	31	14308
46	32	12077
46	33	9632
46	34	7544
46	35	6025
46	36	4851
46	37	3904
46	38	3021
46	39	2566
46	40	1948
46	41	1252
46	42	1191
46	43	895
46	44	751
46	45	942
46	46	328
47	1	2454
47	2	3288
47	3	4712
47	4	6185
47	5	7975
47	6	9396
47	7	11218
47	8	13376
47	9	15796
47	10	18253
47	11	20632
47	12	22828
47	13	25273
47	14	28028
47	15	30068
47	16	32036
47	17	33815
47	18	35969
47	19	37016
47	20	37808
47	21	38143
47	22	37831
47	23	37067
47	24	35412
47	25	32901
47	26	31108
47	27	28191
47	28	25202
47	29	22066
47	30	18828
47	31	15680
47	32	12885
47	33	10815
47	34	8420
47	35	6812
47	36	5383
47	37	4407
47	38	3502
47	39	2780
47	40	2450
47	41	1759
47	42	1159
47	43	1126
47	44	818
47	45	722
47	46	874
47	47	278
48	1	2374
48	2	3160
48	3	4459
48	4	5858
48	5	7615
48	6	9122
48	7	10770
48	8	12783
48	9	15077
48	10	17310
48	11	19755
48	12	21800
48	13	24338
48	14	26790
48	15	28892
48	16	30725
48	17	32584
48	18	34512
48	19	35847
48	20	36709
48	21	37108
48	22	37101
48	23	36572
48	24	35299
48	25	33273
48	26	31265
48	27	28763
48	28	26177
48	29	23033
48	30	20071
48	31	16841
48	32	13937
48	33	11716
48	34	9541
48	35	7462
48	36	6112
48	37	4817
48	38	3983
48	39	3231
48	40	2564
48	41	2285
48	42	1597
48	43	1091
48	44	1044
48	45	797
48	46	688
48	47	762
48	48	252
49	1	2339
49	2	3039
49	3	4272
49	4	5541
49	5	7277
49	6	8795
49	7	10399
49	8	12250
49	9	14308
49	10	16585
49	11	18957
49	12	20885
49	13	23291
49	14	25829
49	15	27510
49	16	29524
49	17	31528
49	18	33038
49	19	34826
49	20	35506
49	21	36126
49	22	36416
49	23	35604
49	24	35286
49	25	33033
49	26	31828
49	27	29087
49	28	26867
49	29	23843
49	30	21117
49	31	17921
49	32	15152
49	33	12607
49	34	10607
49	35	8318
49	36	6772
49	37	5364
49	38	4375
49	39	3645
49	40	2962
49	41	2401
49	42	2100
49	43	1481
49	44	1008
49	45	1001
49	46	750
49	47	638
49	48	686
49	49	223
50	1	2050
50	2	3163
50	3	4069
50	4	5305
50	5	6887
50	6	8410
50	7	10051
50	8	11852
50	9	13740
50	10	15801
50	11	18094
50	12	19966
50	13	22302
50	14	24784
50	15	26599
50	16	28239
50	17	30469
50	18	31919
50	19	33561
50	20	34361
50	21	35183
50	22	35454
50	23	35207
50	24	34508
50	25	33325
50	26	31759
50	27	29648
50	28	27328
50	29	24680
50	30	22033
50	31	19067
50	32	16149
50	33	13643
50	34	11367
50	35	9479
50	36	7458
50	37	6015
50	38	4837
50	39	3982
50	40	3329
50	41	2701
50	42	2211
50	43	1967
50	44	1331
50	45	984
50	46	948
50	47	710
50	48	591
50	49	625
50	50	180
51	1	1909
51	2	2928
51	3	4170
51	4	5018
51	5	6583
51	6	7994
51	7	9633
51	8	11375
51	9	13245
51	10	15198
51	11	17308
51	12	19237
51	13	21289
51	14	23744
51	15	25521
51	16	27253
51	17	29411
51	18	30642
51	19	32577
51	20	33350
51	21	33960
51	22	34871
51	23	34533
51	24	34017
51	25	32909
51	26	31773
51	27	30099
51	28	27694
51	29	25486
51	30	22607
51	31	20116
51	32	17200
51	33	14719
51	34	12259
51	35	10145
51	36	8464
51	37	6678
51	38	5431
51	39	4388
51	40	3658
51	41	3048
51	42	2440
51	43	2087
51	44	1802
51	45	1280
51	46	912
51	47	911
51	48	631
51	49	566
51	50	564
51	51	147
52	1	1869
52	2	2709
52	3	3960
52	4	5022
52	5	6284
52	6	7598
52	7	9142
52	8	10971
52	9	12725
52	10	14635
52	11	16674
52	12	18398
52	13	20507
52	14	22653
52	15	24630
52	16	26090
52	17	28392
52	18	29709
52	19	31226
52	20	32414
52	21	32996
52	22	33893
52	23	34048
52	24	33320
52	25	32703
52	26	31602
52	27	30116
52	28	28227
52	29	25954
52	30	23360
52	31	21064
52	32	18106
52	33	15683
52	34	13369
52	35	10911
52	36	9101
52	37	7623
52	38	5912
52	39	4917
52	40	4056
52	41	3312
52	42	2745
52	43	2301
52	44	1920
52	45	1721
52	46	1189
52	47	860
52	48	843
52	49	610
52	50	519
52	51	499
52	52	122
53	1	1838
53	2	2547
53	3	3761
53	4	4795
53	5	6195
53	6	7300
53	7	8731
53	8	10514
53	9	12214
53	10	14031
53	11	16073
53	12	17640
53	13	19794
53	14	21573
53	15	23803
53	16	25125
53	17	27263
53	18	28694
53	19	30066
53	20	31483
53	21	32116
53	22	33011
53	23	33037
53	24	33000
53	25	32252
53	26	31249
53	27	30183
53	28	28565
53	29	26359
53	30	24008
53	31	21696
53	32	19214
53	33	16486
53	34	14270
53	35	11919
53	36	9779
53	37	8270
53	38	6795
53	39	5377
53	40	4421
53	41	3721
53	42	3002
53	43	2530
53	44	2163
53	45	1783
53	46	1589
53	47	1126
53	48	821
53	49	806
53	50	563
53	51	464
53	52	457
53	53	99
54	1	1810
54	2	2434
54	3	3509
54	4	4669
54	5	5903
54	6	7176
54	7	8367
54	8	10062
54	9	11716
54	10	13615
54	11	15415
54	12	16824
54	13	19120
54	14	20776
54	15	22874
54	16	24233
54	17	26170
54	18	27687
54	19	29119
54	20	30660
54	21	31131
54	22	32195
54	23	32138
54	24	32371
54	25	31796
54	26	31196
54	27	29904
54	28	28818
54	29	26646
54	30	24549
54	31	22314
54	32	20037
54	33	17399
54	34	15076
54	35	12781
54	36	10753
54	37	8788
54	38	7497
54	39	6056
54	40	4954
54	41	4058
54	42	3308
54	43	2792
54	44	2359
54	45	1988
54	46	1663
54	47	1534
54	48	1026
54	49	785
54	50	771
54	51	506
54	52	436
54	53	400
54	54	81
55	1	1770
55	2	2384
55	3	3311
55	4	4411
55	5	5700
55	6	6953
55	7	8114
55	8	9661
55	9	11251
55	10	12998
55	11	14878
55	12	16307
55	13	18342
55	14	20025
55	15	21888
55	16	23479
55	17	25119
55	18	26736
55	19	28144
55	20	29586
55	21	30452
55	22	31204
55	23	31501
55	24	31653
55	25	31370
55	26	30727
55	27	29910
55	28	28773
55	29	27020
55	30	24966
55	31	22849
55	32	20686
55	33	18454
55	34	15733
55	35	13678
55	36	11596
55	37	9587
55	38	7970
55	39	6749
55	40	5513
55	41	4526
55	42	3647
55	43	3048
55	44	2534
55	45	2210
55	46	1873
55	47	1593
55	48	1428
55	49	946
55	50	727
55	51	753
55	52	446
55	53	411
55	54	346
55	55	73
56	1	1672
56	2	2382
56	3	3170
56	4	4196
56	5	5446
56	6	6699
56	7	7882
56	8	9284
56	9	10781
56	10	12508
56	11	14316
56	12	15785
56	13	17524
56	14	19348
56	15	21028
56	16	22597
56	17	24183
56	18	25802
56	19	27248
56	20	28568
56	21	29720
56	22	30395
56	23	30713
56	24	30846
56	25	31105
56	26	30188
56	27	29703
56	28	28772
56	29	27096
56	30	25455
56	31	23298
56	32	21147
56	33	19241
56	34	16709
56	35	14427
56	36	12515
56	37	10310
56	38	8691
56	39	7225
56	40	6015
56	41	5050
56	42	4052
56	43	3382
56	44	2824
56	45	2334
56	46	2023
56	47	1782
56	48	1500
56	49	1351
56	50	875
56	51	711
56	52	690
56	53	429
56	54	358
56	55	306
56	56	60
57	1	1614
57	2	2244
57	3	3135
57	4	3989
57	5	5184
57	6	6433
57	7	7650
57	8	8957
57	9	10474
57	10	12027
57	11	13812
57	12	15209
57	13	16963
57	14	18511
57	15	20349
57	16	21747
57	17	23376
57	18	24858
57	19	26224
57	20	27724
57	21	28737
57	22	29592
57	23	30027
57	24	30384
57	25	30256
57	26	29986
57	27	29281
57	28	28718
57	29	27146
57	30	25602
57	31	23831
57	32	21699
57	33	19697
57	34	17682
57	35	15208
57	36	13273
57	37	11101
57	38	9363
57	39	7796
57	40	6669
57	41	5404
57	42	4588
57	43	3670
57	44	3114
57	45	2628
57	46	2155
57	47	1894
57	48	1682
57	49	1394
57	50	1274
57	51	852
57	52	645
57	53	672
57	54	358
57	55	334
57	56	273
57	57	48
58	1	1608
58	2	2158
58	3	2999
58	4	3926
58	5	4900
58	6	6178
58	7	7323
58	8	8703
58	9	10100
58	10	11614
58	11	13329
58	12	14572
58	13	16360
58	14	17838
58	15	19566
58	16	21115
58	17	22495
58	18	24042
58	19	25285
58	20	26730
58	21	27922
58	22	28825
58	23	29419
58	24	29633
58	25	29605
58	26	29341
58	27	29102
58	28	28343
58	29	27248
58	30	25836
58	31	24112
58	32	22172
58	33	20364
58	34	18120
58	35	16155
58	36	14035
58	37	11902
58	38	10087
58	39	8388
58	40	7156
58	41	6064
58	42	4950
58	43	4105
58	44	3402
58	45	2872
58	46	2357
58	47	2048
58	48	1785
58	49	1609
58	50	1277
58	51	1215
58	52	802
58	53	613
58	54	626
58	55	329
58	56	298
58	57	238
58	58	39
59	1	1549
59	2	2130
59	3	2910
59	4	3730
59	5	4830
59	6	5852
59	7	7000
59	8	8355
59	9	9815
59	10	11216
59	11	12918
59	12	14050
59	13	15755
59	14	17255
59	15	18813
59	16	20442
59	17	21783
59	18	23239
59	19	24349
59	20	25942
59	21	26892
59	22	28107
59	23	28708
59	24	28970
59	25	28943
59	26	28958
59	27	28575
59	28	28131
59	29	27341
59	30	25863
59	31	24353
59	32	22625
59	33	20755
59	34	18850
59	35	16782
59	36	14900
59	37	12669
59	38	10713
59	39	9151
59	40	7682
59	41	6523
59	42	5543
59	43	4391
59	44	3755
59	45	3105
59	46	2617
59	47	2256
59	48	1884
59	49	1707
59	50	1464
59	51	1212
59	52	1163
59	53	752
59	54	584
59	55	569
59	56	318
59	57	279
59	58	194
59	59	34
60	1	1521
60	2	2047
60	3	2848
60	4	3602
60	5	4612
60	6	5702
60	7	6668
60	8	8019
60	9	9483
60	10	10864
60	11	12462
60	12	13629
60	13	15158
60	14	16673
60	15	18114
60	16	19821
60	17	21035
60	18	22464
60	19	23579
60	20	25071
60	21	26166
60	22	27185
60	23	28082
60	24	28241
60	25	28394
60	26	28244
60	27	28549
60	28	27649
60	29	26940
60	30	26007
60	31	24546
60	32	22894
60	33	21169
60	34	19346
60	35	17571
60	36	15463
60	37	13465
60	38	11546
60	39	9728
60	40	8396
60	41	6918
60	42	6016
60	43	4959
60	44	3990
60	45	3422
60	46	2880
60	47	2451
60	48	2069
60	49	1776
60	50	1600
60	51	1381
60	52	1195
60	53	1072
60	54	688
60	55	583
60	56	509
60	57	284
60	58	254
60	59	173
60	60	26
61	1	1474
61	2	2010
61	3	2718
61	4	3485
61	5	4439
61	6	5494
61	7	6431
61	8	7726
61	9	9101
61	10	10571
61	11	12014
61	12	13215
61	13	14580
61	14	16052
61	15	17598
61	16	18966
61	17	20545
61	18	21666
61	19	22838
61	20	24291
61	21	25364
61	22	26406
61	23	27242
61	24	27713
61	25	27752
61	26	28013
61	27	27969
61	28	27294
61	29	26645
61	30	26057
61	31	24692
61	32	23026
61	33	21665
61	34	19651
61	35	18099
61	36	16111
61	37	14260
61	38	12239
61	39	10426
61	40	8986
61	41	7596
61	42	6377
61	43	5369
61	44	4510
61	45	3598
61	46	3179
61	47	2694
61	48	2265
61	49	1914
61	50	1674
61	51	1538
61	52	1275
61	53	1136
61	54	1018
61	55	664
61	56	531
61	57	470
61	58	254
61	59	223
61	60	154
61	61	23
62	1	1418
62	2	1979
62	3	2634
62	4	3344
62	5	4293
62	6	5298
62	7	6251
62	8	7386
62	9	8752
62	10	10189
62	11	11651
62	12	12803
62	13	13990
62	14	15646
62	15	16880
62	16	18385
62	17	19832
62	18	21034
62	19	22173
62	20	23541
62	21	24515
62	22	25748
62	23	26498
62	24	27050
62	25	27196
62	26	27483
62	27	27209
62	28	27237
62	29	26271
62	30	25904
62	31	24923
62	32	23151
62	33	22000
62	34	20157
62	35	18423
62	36	16701
62	37	14923
62	38	13028
62	39	11118
62	40	9571
62	41	8169
62	42	6939
62	43	5763
62	44	4921
62	45	3998
62	46	3371
62	47	2983
62	48	2467
62	49	2092
62	50	1771
62	51	1603
62	52	1462
62	53	1211
62	54	1059
62	55	980
62	56	608
62	57	481
62	58	447
62	59	233
62	60	193
62	61	134
62	62	20
63	1	1347
63	2	1935
63	3	2579
63	4	3222
63	5	4163
63	6	5122
63	7	6045
63	8	7097
63	9	8458
63	10	9833
63	11	11253
63	12	12518
63	13	13456
63	14	15105
63	15	16361
63	16	17626
63	17	19304
63	18	20288
63	19	21567
63	20	22775
63	21	23757
63	22	25021
63	23	25774
63	24	26521
63	25	26545
63	26	26966
63	27	26844
63	28	26675
63	29	26182
63	30	25644
63	31	24871
63	32	23408
63	33	22187
63	34	20510
63	35	18952
63	36	17150
63	37	15496
63	38	13649
63	39	11984
63	40	10097
63	41	8730
63	42	7438
63	43	6292
63	44	5304
63	45	4410
63	46	3735
63	47	3148
63	48	2678
63	49	2308
63	50	1919
63	51	1718
63	52	1502
63	53	1390
63	54	1118
63	55	1040
63	56	914
63	57	550
63	58	462
63	59	405
63	60	203
63	61	174
63	62	120
63	63	17
64	1	1324
64	2	1827
64	3	2563
64	4	3126
64	5	3989
64	6	4992
64	7	5842
64	8	6832
64	9	8164
64	10	9442
64	11	10912
64	12	12083
64	13	13143
64	14	14531
64	15	15791
64	16	17165
64	17	18418
64	18	19851
64	19	20858
64	20	22150
64	21	23036
64	22	24395
64	23	25038
64	24	25758
64	25	26094
64	26	26357
64	27	26394
64	28	26307
64	29	25815
64	30	25426
64	31	24812
64	32	23529
64	33	22268
64	34	20916
64	35	19501
64	36	17538
64	37	15839
64	38	14384
64	39	12493
64	40	10915
64	41	9264
64	42	7968
64	43	6803
64	44	5713
64	45	4820
64	46	4082
64	47	3450
64	48	2873
64	49	2540
64	50	2054
64	51	1852
64	52	1613
64	53	1403
64	54	1307
64	55	1073
64	56	993
64	57	846
64	58	518
64	59	432
64	60	367
64	61	181
64	62	159
64	63	100
64	64	15
65	1	1275
65	2	1813
65	3	2443
65	4	3051
65	5	3879
65	6	4808
65	7	5607
65	8	6668
65	9	7898
65	10	9045
65	11	10558
65	12	11683
65	13	12725
65	14	14210
65	15	15167
65	16	16693
65	17	17779
65	18	19194
65	19	20313
65	20	21319
65	21	22467
65	22	23544
65	23	24479
65	24	25056
65	25	25613
65	26	25650
65	27	26103
65	28	25898
65	29	25491
65	30	25043
65	31	24806
65	32	23547
65	33	22315
65	34	21117
65	35	19706
65	36	18129
65	37	16424
65	38	14611
65	39	13160
65	40	11661
65	41	9848
65	42	8504
65	43	7303
65	44	6258
65	45	5156
65	46	4337
65	47	3868
65	48	3126
65	49	2648
65	50	2298
65	51	1998
65	52	1694
65	53	1519
65	54	1294
65	55	1288
65	56	1020
65	57	973
65	58	727
65	59	508
65	60	403
65	61	317
65	62	178
65	63	154
65	64	78
65	65	15
66	1	1245
66	2	1732
66	3	2392
66	4	2947
66	5	3758
66	6	4654
66	7	5472
66	8	6432
66	9	7608
66	10	8791
66	11	10203
66	12	11306
66	13	12328
66	14	13704
66	15	14725
66	16	16250
66	17	17283
66	18	18447
66	19	19665
66	20	20882
66	21	21707
66	22	22945
66	23	23726
66	24	24543
66	25	25004
66	26	25303
66	27	25385
66	28	25578
66	29	25163
66	30	24760
66	31	24644
66	32	23525
66	33	22418
66	34	21225
66	35	19938
66	36	18655
66	37	16857
66	38	15248
66	39	13429
66	40	12239
66	41	10506
66	42	9068
66	43	7806
66	44	6686
66	45	5720
66	46	4676
66	47	4057
66	48	3521
66	49	2908
66	50	2444
66	51	2145
66	52	1848
66	53	1638
66	54	1397
66	55	1239
66	56	1240
66	57	973
66	58	901
66	59	699
66	60	469
66	61	344
66	62	297
66	63	168
66	64	133
66	65	73
66	66	12
67	1	1222
67	2	1667
67	3	2296
67	4	2867
67	5	3649
67	6	4467
67	7	5335
67	8	6198
67	9	7416
67	10	8410
67	11	9950
67	12	10984
67	13	11922
67	14	13247
67	15	14272
67	16	15651
67	17	16869
67	18	17901
67	19	19093
67	20	20199
67	21	21189
67	22	22359
67	23	22983
67	24	23759
67	25	24508
67	26	24915
67	27	24733
67	28	25280
67	29	24693
67	30	24545
67	31	24323
67	32	23506
67	33	22483
67	34	21310
67	35	20266
67	36	18837
67	37	17250
67	38	15773
67	39	14000
67	40	12598
67	41	11197
67	42	9587
67	43	8272
67	44	7186
67	45	6094
67	46	5194
67	47	4340
67	48	3694
67	49	3297
67	50	2652
67	51	2264
67	52	1982
67	53	1770
67	54	1522
67	55	1316
67	56	1218
67	57	1166
67	58	900
67	59	857
67	60	660
67	61	414
67	62	321
67	63	285
67	64	151
67	65	123
67	66	59
67	67	11
68	1	1202
68	2	1602
68	3	2213
68	4	2805
68	5	3534
68	6	4328
68	7	5161
68	8	5999
68	9	7154
68	10	8137
68	11	9608
68	12	10635
68	13	11653
68	14	12786
68	15	13839
68	16	15165
68	17	16318
68	18	17466
68	19	18488
68	20	19583
68	21	20603
68	22	21665
68	23	22375
68	24	23315
68	25	23779
68	26	24304
68	27	24466
68	28	24680
68	29	24604
68	30	24054
68	31	24047
68	32	23558
68	33	22559
68	34	21341
68	35	20302
68	36	19341
68	37	17513
68	38	16110
68	39	14566
68	40	13113
68	41	11561
68	42	10263
68	43	8827
68	44	7597
68	45	6638
68	46	5554
68	47	4745
68	48	3927
68	49	3516
68	50	2959
68	51	2435
68	52	2140
68	53	1881
68	54	1605
68	55	1492
68	56	1266
68	57	1150
68	58	1096
68	59	880
68	60	779
68	61	612
68	62	366
68	63	328
68	64	252
68	65	138
68	66	107
68	67	56
68	68	8
69	1	1157
69	2	1566
69	3	2122
69	4	2700
69	5	3407
69	6	4251
69	7	4994
69	8	5781
69	9	6973
69	10	7851
69	11	9300
69	12	10367
69	13	11266
69	14	12338
69	15	13473
69	16	14655
69	17	15853
69	18	16929
69	19	18002
69	20	19022
69	21	20123
69	22	20976
69	23	21836
69	24	22594
69	25	23206
69	26	23850
69	27	24035
69	28	24144
69	29	24335
69	30	23795
69	31	23801
69	32	23237
69	33	22324
69	34	21592
69	35	20267
69	36	19428
69	37	18051
69	38	16493
69	39	15078
69	40	13443
69	41	12120
69	42	10785
69	43	9300
69	44	8108
69	45	7069
69	46	6029
69	47	5095
69	48	4282
69	49	3752
69	50	3179
69	51	2680
69	52	2317
69	53	2007
69	54	1739
69	55	1545
69	56	1375
69	57	1247
69	58	1082
69	59	1045
69	60	807
69	61	748
69	62	552
69	63	351
69	64	301
69	65	225
69	66	129
69	67	107
69	68	38
69	69	7
70	1	930
70	2	1735
70	3	2067
70	4	2590
70	5	3291
70	6	4113
70	7	4854
70	8	5617
70	9	6774
70	10	7628
70	11	8984
70	12	10002
70	13	10992
70	14	12066
70	15	12965
70	16	14246
70	17	15327
70	18	16492
70	19	17422
70	20	18506
70	21	19577
70	22	20405
70	23	21177
70	24	22043
70	25	22692
70	26	23290
70	27	23719
70	28	23636
70	29	23851
70	30	23543
70	31	23522
70	32	23128
70	33	22282
70	34	21522
70	35	20547
70	36	19321
70	37	18392
70	38	16824
70	39	15449
70	40	14029
70	41	12450
70	42	11255
70	43	9945
70	44	8523
70	45	7533
70	46	6439
70	47	5578
70	48	4694
70	49	3875
70	50	3448
70	51	2957
70	52	2477
70	53	2132
70	54	1896
70	55	1660
70	56	1441
70	57	1317
70	58	1182
70	59	1019
70	60	986
70	61	780
70	62	694
70	63	503
70	64	336
70	65	282
70	66	203
70	67	119
70	68	92
70	69	32
70	70	6
71	1	916
71	2	1414
71	3	2287
71	4	2517
71	5	3167
71	6	3971
71	7	4705
71	8	5450
71	9	6565
71	10	7385
71	11	8689
71	12	9760
71	13	10606
71	14	11725
71	15	12633
71	16	13776
71	17	14851
71	18	15996
71	19	16923
71	20	18097
71	21	19020
71	22	19853
71	23	20681
71	24	21431
71	25	22143
71	26	22841
71	27	23177
71	28	23303
71	29	23268
71	30	23165
71	31	23168
71	32	23056
71	33	22295
71	34	21505
71	35	20420
71	36	19610
71	37	18447
71	38	17232
71	39	15846
71	40	14395
71	41	12831
71	42	11733
71	43	10420
71	44	9070
71	45	7967
71	46	6989
71	47	5847
71	48	5047
71	49	4293
71	50	3586
71	51	3223
71	52	2678
71	53	2326
71	54	2028
71	55	1780
71	56	1548
71	57	1347
71	58	1257
71	59	1128
71	60	937
71	61	940
71	62	736
71	63	670
71	64	468
71	65	316
71	66	245
71	67	187
71	68	113
71	69	73
71	70	32
71	71	4
72	1	874
72	2	1376
72	3	1993
72	4	2696
72	5	3087
72	6	3819
72	7	4590
72	8	5274
72	9	6402
72	10	7123
72	11	8439
72	12	9422
72	13	10338
72	14	11396
72	15	12223
72	16	13407
72	17	14407
72	18	15511
72	19	16516
72	20	17445
72	21	18578
72	22	19257
72	23	20123
72	24	20929
72	25	21621
72	26	22176
72	27	22623
72	28	23004
72	29	23014
72	30	22790
72	31	22751
72	32	22780
72	33	22299
72	34	21442
72	35	20517
72	36	19669
72	37	18493
72	38	17481
72	39	16245
72	40	14823
72	41	13294
72	42	12059
72	43	10808
72	44	9699
72	45	8376
72	46	7365
72	47	6304
72	48	5448
72	49	4610
72	50	3888
72	51	3418
72	52	2893
72	53	2491
72	54	2215
72	55	1869
72	56	1701
72	57	1427
72	58	1304
72	59	1203
72	60	1034
72	61	916
72	62	892
72	63	699
72	64	615
72	65	435
72	66	293
72	67	233
72	68	176
72	69	85
72	70	71
72	71	28
72	72	3
73	1	847
73	2	1304
73	3	1920
73	4	2465
73	5	3170
73	6	3738
73	7	4408
73	8	5153
73	9	6177
73	10	6912
73	11	8156
73	12	9185
73	13	10003
73	14	11005
73	15	11927
73	16	12976
73	17	13973
73	18	15062
73	19	16107
73	20	16953
73	21	18042
73	22	18844
73	23	19548
73	24	20406
73	25	21220
73	26	21649
73	27	22004
73	28	22635
73	29	22551
73	30	22407
73	31	22509
73	32	22509
73	33	22033
73	34	21470
73	35	20494
73	36	19718
73	37	18651
73	38	17611
73	39	16500
73	40	15218
73	41	13785
73	42	12547
73	43	11085
73	44	10122
73	45	8861
73	46	7807
73	47	6806
73	48	5732
73	49	5020
73	50	4151
73	51	3658
73	52	3147
73	53	2681
73	54	2343
73	55	2065
73	56	1781
73	57	1554
73	58	1339
73	59	1233
73	60	1136
73	61	961
73	62	906
73	63	843
73	64	678
73	65	562
73	66	410
73	67	288
73	68	191
73	69	151
73	70	84
73	71	66
73	72	24
73	73	2
74	1	836
74	2	1245
74	3	1836
74	4	2370
74	5	2992
74	6	3807
74	7	4260
74	8	5031
74	9	5957
74	10	6737
74	11	7838
74	12	8987
74	13	9729
74	14	10729
74	15	11585
74	16	12668
74	17	13504
74	18	14658
74	19	15503
74	20	16635
74	21	17453
74	22	18409
74	23	19054
74	24	19764
74	25	20868
74	26	21079
74	27	21439
74	28	22202
74	29	22146
74	30	22083
74	31	22322
74	32	22118
74	33	21822
74	34	21163
74	35	20903
74	36	19569
74	37	18723
74	38	17744
74	39	16760
74	40	15499
74	41	14274
74	42	12909
74	43	11565
74	44	10309
74	45	9368
74	46	8311
74	47	7163
74	48	6209
74	49	5330
74	50	4558
74	51	3794
74	52	3446
74	53	2899
74	54	2493
74	55	2149
74	56	1952
74	57	1671
74	58	1427
74	59	1301
74	60	1188
74	61	1037
74	62	947
74	63	869
74	64	798
74	65	610
74	66	544
74	67	388
74	68	252
74	69	176
74	70	135
74	71	79
74	72	56
74	73	21
74	74	1
75	1	784
75	2	1236
75	3	1742
75	4	2285
75	5	2858
75	6	3654
75	7	4284
75	8	4850
75	9	5794
75	10	6530
75	11	7590
75	12	8700
75	13	9494
75	14	10445
75	15	11220
75	16	12243
75	17	13165
75	18	14314
75	19	15060
75	20	16089
75	21	17137
75	22	17789
75	23	18698
75	24	19248
75	25	20340
75	26	20559
75	27	21037
75	28	21658
75	29	21820
75	30	21751
75	31	21956
75	32	22025
75	33	21493
75	34	20992
75	35	20736
75	36	19877
75	37	18587
75	38	17870
75	39	17051
75	40	15731
75	41	14606
75	42	13378
75	43	12026
75	44	10739
75	45	9614
75	46	8751
75	47	7574
75	48	6637
75	49	5661
75	50	4917
75	51	4137
75	52	3598
75	53	3180
75	54	2630
75	55	2366
75	56	2038
75	57	1796
75	58	1522
75	59	1384
75	60	1253
75	61	1108
75	62	994
75	63	912
75	64	839
75	65	751
75	66	555
75	67	511
75	68	375
75	69	210
75	70	162
75	71	128
75	72	66
75	73	54
75	74	16
75	75	1
76	1	772
76	2	1162
76	3	1723
76	4	2185
76	5	2792
76	6	3512
76	7	4152
76	8	4815
76	9	5624
76	10	6391
76	11	7386
76	12	8418
76	13	9239
76	14	10144
76	15	10857
76	16	11903
76	17	12742
76	18	13951
76	19	14664
76	20	15662
76	21	16585
76	22	17437
76	23	18180
76	24	18897
76	25	19748
76	26	20152
76	27	20534
76	28	21303
76	29	21385
76	30	21228
76	31	21644
76	32	21797
76	33	21404
76	34	20610
76	35	20662
76	36	19818
76	37	18960
76	38	17831
76	39	17027
76	40	16164
76	41	14691
76	42	13764
76	43	12308
76	44	11302
76	45	9937
76	46	9268
76	47	7853
76	48	7132
76	49	6042
76	50	5160
76	51	4528
76	52	3826
76	53	3329
76	54	2894
76	55	2501
76	56	2198
76	57	1895
76	58	1692
76	59	1455
76	60	1312
76	61	1188
76	62	1035
76	63	959
76	64	878
76	65	813
76	66	688
76	67	521
76	68	493
76	69	332
76	70	197
76	71	149
76	72	115
76	73	58
76	74	50
76	75	14
76	76	1
77	1	739
77	2	1129
77	3	1620
77	4	2141
77	5	2661
77	6	3426
77	7	3972
77	8	4753
77	9	5478
77	10	6237
77	11	7172
77	12	8123
77	13	8995
77	14	9887
77	15	10533
77	16	11608
77	17	12381
77	18	13614
77	19	14256
77	20	15224
77	21	16221
77	22	16919
77	23	17706
77	24	18591
77	25	19136
77	26	19826
77	27	20014
77	28	20664
77	29	21114
77	30	20959
77	31	21184
77	32	21440
77	33	21259
77	34	20423
77	35	20325
77	36	19955
77	37	19064
77	38	18005
77	39	16940
77	40	16302
77	41	15134
77	42	13984
77	43	12830
77	44	11539
77	45	10459
77	46	9481
77	47	8364
77	48	7457
77	49	6435
77	50	5578
77	51	4740
77	52	4202
77	53	3532
77	54	3083
77	55	2665
77	56	2363
77	57	2043
77	58	1802
77	59	1560
77	60	1394
77	61	1220
77	62	1128
77	63	1015
77	64	904
77	65	844
77	66	763
77	67	643
77	68	512
77	69	446
77	70	307
77	71	182
77	72	133
77	73	103
77	74	54
77	75	43
77	76	12
77	77	1
78	1	711
78	2	1081
78	3	1582
78	4	2051
78	5	2599
78	6	3254
78	7	3934
78	8	4594
78	9	5384
78	10	6103
78	11	6996
78	12	7808
78	13	8823
78	14	9591
78	15	10271
78	16	11258
78	17	12109
78	18	13181
78	19	13935
78	20	14777
78	21	15711
78	22	16581
78	23	17250
78	24	18120
78	25	18836
78	26	19181
78	27	19638
78	28	20364
78	29	20570
78	30	20677
78	31	20822
78	32	21158
78	33	21047
78	34	20310
78	35	20085
78	36	19803
78	37	18976
78	38	18223
78	39	17175
78	40	16215
78	41	15424
78	42	14423
78	43	12970
78	44	12095
78	45	10633
78	46	9813
78	47	8823
78	48	7920
78	49	6747
78	50	5942
78	51	5154
78	52	4392
78	53	3853
78	54	3272
78	55	2836
78	56	2527
78	57	2157
78	58	1933
78	59	1664
78	60	1507
78	61	1284
78	62	1199
78	63	1057
78	64	967
78	65	867
78	66	825
78	67	705
78	68	596
78	69	497
78	70	401
78	71	292
78	72	164
78	73	122
78	74	94
78	75	55
78	76	32
78	77	11
78	78	1
79	1	712
79	2	1039
79	3	1514
79	4	1962
79	5	2504
79	6	3170
79	7	3755
79	8	4538
79	9	5206
79	10	6014
79	11	6754
79	12	7631
79	13	8563
79	14	9362
79	15	10005
79	16	10963
79	17	11749
79	18	12821
79	19	13599
79	20	14373
79	21	15275
79	22	16170
79	23	16766
79	24	17634
79	25	18520
79	26	18777
79	27	19220
79	28	19996
79	29	20228
79	30	20177
79	31	20506
79	32	20762
79	33	20679
79	34	20204
79	35	19962
79	36	19690
79	37	18966
79	38	18274
79	39	17449
79	40	16111
79	41	15545
79	42	14734
79	43	13408
79	44	12358
79	45	11077
79	46	10049
79	47	9243
79	48	8202
79	49	7310
79	50	6218
79	51	5503
79	52	4681
79	53	4147
79	54	3472
79	55	3038
79	56	2680
79	57	2337
79	58	2064
79	59	1765
79	60	1586
79	61	1421
79	62	1234
79	63	1125
79	64	1008
79	65	905
79	66	844
79	67	755
79	68	670
79	69	582
79	70	472
79	71	362
79	72	262
79	73	162
79	74	106
79	75	95
79	76	47
79	77	27
79	78	12
80	1	700
80	2	1011
80	3	1466
80	4	1900
80	5	2447
80	6	3025
80	7	3698
80	8	4316
80	9	5139
80	10	5817
80	11	6559
80	12	7429
80	13	8302
80	14	9144
80	15	9721
80	16	10687
80	17	11488
80	18	12433
80	19	13276
80	20	14024
80	21	14885
80	22	15731
80	23	16395
80	24	17185
80	25	17996
80	26	18560
80	27	18809
80	28	19459
80	29	19903
80	30	19818
80	31	20118
80	32	20346
80	33	20403
80	34	20098
80	35	19813
80	36	19493
80	37	18967
80	38	18228
80	39	17517
80	40	16436
80	41	15512
80	42	14878
80	43	13870
80	44	12545
80	45	11496
80	46	10292
80	47	9524
80	48	8660
80	49	7553
80	50	6760
80	51	5753
80	52	5060
80	53	4387
80	54	3708
80	55	3295
80	56	2807
80	57	2524
80	58	2160
80	59	1890
80	60	1663
80	61	1537
80	62	1334
80	63	1139
80	64	1083
80	65	960
80	66	869
80	67	813
80	68	709
80	69	631
80	70	540
80	71	462
80	72	327
80	73	256
80	74	137
80	75	107
80	76	80
80	77	43
80	78	24
80	79	11
81	1	661
81	2	996
81	3	1433
81	4	1831
81	5	2349
81	6	2950
81	7	3554
81	8	4223
81	9	4979
81	10	5701
81	11	6429
81	12	7206
81	13	8092
81	14	8826
81	15	9593
81	16	10362
81	17	11160
81	18	12101
81	19	12974
81	20	13662
81	21	14445
81	22	15414
81	23	15944
81	24	16784
81	25	17511
81	26	18225
81	27	18431
81	28	19027
81	29	19369
81	30	19556
81	31	19768
81	32	20069
81	33	20001
81	34	20020
81	35	19578
81	36	19276
81	37	18921
81	38	18314
81	39	17435
81	40	16673
81	41	15635
81	42	14910
81	43	14091
81	44	12917
81	45	11797
81	46	10617
81	47	9881
81	48	9008
81	49	7862
81	50	7057
81	51	6201
81	52	5274
81	53	4805
81	54	3938
81	55	3442
81	56	3112
81	57	2620
81	58	2358
81	59	1962
81	60	1799
81	61	1567
81	62	1466
81	63	1252
81	64	1102
81	65	1028
81	66	900
81	67	875
81	68	751
81	69	665
81	70	587
81	71	524
81	72	428
81	73	303
81	74	237
81	75	127
81	76	90
81	77	76
81	78	41
81	79	24
81	80	9
82	1	646
82	2	947
82	3	1424
82	4	1769
82	5	2279
82	6	2853
82	7	3451
82	8	4093
82	9	4861
82	10	5596
82	11	6276
82	12	6979
82	13	7905
82	14	8602
82	15	9341
82	16	10113
82	17	10891
82	18	11778
82	19	12694
82	20	13261
82	21	14062
82	22	15030
82	23	15636
82	24	16325
82	25	17107
82	26	17726
82	27	18174
82	28	18550
82	29	18948
82	30	19384
82	31	19316
82	32	19719
82	33	19765
82	34	19732
82	35	19438
82	36	19227
82	37	18703
82	38	18175
82	39	17529
82	40	16805
82	41	15818
82	42	15068
82	43	14137
82	44	13249
82	45	12132
82	46	11154
82	47	9851
82	48	9523
82	49	8223
82	50	7305
82	51	6553
82	52	5713
82	53	4999
82	54	4269
82	55	3702
82	56	3206
82	57	2867
82	58	2438
82	59	2162
82	60	1848
82	61	1681
82	62	1532
82	63	1349
82	64	1162
82	65	1064
82	66	979
82	67	877
82	68	821
82	69	713
82	70	637
82	71	544
82	72	514
82	73	394
82	74	279
82	75	210
82	76	125
82	77	89
82	78	64
82	79	35
82	80	23
82	81	8
83	1	636
83	2	912
83	3	1384
83	4	1730
83	5	2174
83	6	2768
83	7	3337
83	8	3976
83	9	4694
83	10	5441
83	11	6126
83	12	6803
83	13	7677
83	14	8452
83	15	9056
83	16	9903
83	17	10567
83	18	11500
83	19	12368
83	20	12961
83	21	13715
83	22	14549
83	23	15442
83	24	15843
83	25	16914
83	26	17142
83	27	17750
83	28	18158
83	29	18749
83	30	18871
83	31	19112
83	32	19229
83	33	19457
83	34	19506
83	35	19213
83	36	19148
83	37	18579
83	38	18063
83	39	17488
83	40	16944
83	41	15961
83	42	15066
83	43	14394
83	44	13390
83	45	12523
83	46	11412
83	47	10254
83	48	9586
83	49	8682
83	50	7779
83	51	6776
83	52	6020
83	53	5277
83	54	4593
83	55	3912
83	56	3419
83	57	3065
83	58	2617
83	59	2248
83	60	1989
83	61	1807
83	62	1588
83	63	1448
83	64	1266
83	65	1102
83	66	1014
83	67	927
83	68	854
83	69	786
83	70	662
83	71	609
83	72	524
83	73	494
83	74	344
83	75	263
83	76	206
83	77	102
83	78	88
83	79	55
83	80	30
83	81	21
83	82	7
84	1	622
84	2	905
84	3	1334
84	4	1676
84	5	2147
84	6	2640
84	7	3225
84	8	3861
84	9	4603
84	10	5266
84	11	5948
84	12	6672
84	13	7491
84	14	8199
84	15	8905
84	16	9546
84	17	10439
84	18	11157
84	19	12030
84	20	12614
84	21	13436
84	22	14200
84	23	15096
84	24	15556
84	25	16355
84	26	16855
84	27	17192
84	28	17996
84	29	18327
84	30	18475
84	31	18865
84	32	18803
84	33	19204
84	34	19282
84	35	18959
84	36	18950
84	37	18500
84	38	17971
84	39	17449
84	40	16784
84	41	16208
84	42	15224
84	43	14452
84	44	13625
84	45	12762
84	46	11810
84	47	10462
84	48	9899
84	49	8912
84	50	8145
84	51	7145
84	52	6254
84	53	5680
84	54	4857
84	55	4229
84	56	3531
84	57	3289
84	58	2847
84	59	2408
84	60	2122
84	61	1834
84	62	1732
84	63	1540
84	64	1310
84	65	1231
84	66	1025
84	67	970
84	68	865
84	69	857
84	70	728
84	71	640
84	72	566
84	73	526
84	74	439
84	75	318
84	76	256
84	77	180
84	78	102
84	79	75
84	80	52
84	81	24
84	82	21
84	83	6
85	1	617
85	2	876
85	3	1289
85	4	1620
85	5	2103
85	6	2559
85	7	3113
85	8	3753
85	9	4475
85	10	5136
85	11	5763
85	12	6519
85	13	7328
85	14	8052
85	15	8693
85	16	9343
85	17	10143
85	18	10977
85	19	11572
85	20	12424
85	21	13127
85	22	13857
85	23	14653
85	24	15327
85	25	15868
85	26	16462
85	27	16995
85	28	17436
85	29	18040
85	30	18292
85	31	18366
85	32	18551
85	33	18971
85	34	18802
85	35	18930
85	36	18652
85	37	18359
85	38	17785
85	39	17466
85	40	16880
85	41	16123
85	42	15448
85	43	14567
85	44	13746
85	45	13008
85	46	11989
85	47	10880
85	48	10071
85	49	9300
85	50	8376
85	51	7496
85	52	6629
85	53	5871
85	54	5245
85	55	4481
85	56	3819
85	57	3383
85	58	3044
85	59	2596
85	60	2309
85	61	1928
85	62	1816
85	63	1626
85	64	1385
85	65	1260
85	66	1176
85	67	985
85	68	914
85	69	871
85	70	787
85	71	704
85	72	606
85	73	535
85	74	506
85	75	416
85	76	288
85	77	239
85	78	156
85	79	97
85	80	69
85	81	45
85	82	23
85	83	18
85	84	6
86	1	611
86	2	868
86	3	1247
86	4	1569
86	5	2050
86	6	2488
86	7	3028
86	8	3645
86	9	4359
86	10	5008
86	11	5589
86	12	6350
86	13	7137
86	14	7840
86	15	8495
86	16	9194
86	17	9820
86	18	10770
86	19	11231
86	20	12078
86	21	12830
86	22	13550
86	23	14251
86	24	14978
86	25	15558
86	26	16111
86	27	16657
86	28	17123
86	29	17506
86	30	17998
86	31	18075
86	32	18288
86	33	18586
86	34	18568
86	35	18622
86	36	18530
86	37	18111
86	38	17719
86	39	17416
86	40	16873
86	41	16210
86	42	15363
86	43	14738
86	44	13934
86	45	13084
86	46	12243
86	47	11281
86	48	10339
86	49	9509
86	50	8772
86	51	7632
86	52	6989
86	53	6223
86	54	5461
86	55	4832
86	56	4088
86	57	3532
86	58	3230
86	59	2825
86	60	2422
86	61	2124
86	62	1843
86	63	1736
86	64	1484
86	65	1337
86	66	1204
86	67	1073
86	68	980
86	69	894
86	70	794
86	71	766
86	72	688
86	73	553
86	74	519
86	75	494
86	76	370
86	77	279
86	78	209
86	79	143
86	80	90
86	81	65
86	82	41
86	83	21
86	84	16
86	85	6
87	1	603
87	2	842
87	3	1233
87	4	1504
87	5	1987
87	6	2428
87	7	2952
87	8	3532
87	9	4248
87	10	4904
87	11	5404
87	12	6189
87	13	6897
87	14	7784
87	15	8240
87	16	9026
87	17	9517
87	18	10531
87	19	10993
87	20	11719
87	21	12563
87	22	13262
87	23	13879
87	24	14578
87	25	15397
87	26	15640
87	27	16316
87	28	16749
87	29	17041
87	30	17778
87	31	17832
87	32	17967
87	33	18287
87	34	18365
87	35	18418
87	36	18242
87	37	18003
87	38	17575
87	39	17351
87	40	16824
87	41	16210
87	42	15414
87	43	14835
87	44	14074
87	45	13358
87	46	12348
87	47	11546
87	48	10580
87	49	9940
87	50	8893
87	51	7972
87	52	7328
87	53	6479
87	54	5737
87	55	5157
87	56	4406
87	57	3757
87	58	3407
87	59	2952
87	60	2604
87	61	2309
87	62	1964
87	63	1760
87	64	1611
87	65	1354
87	66	1314
87	67	1136
87	68	1008
87	69	959
87	70	833
87	71	785
87	72	731
87	73	657
87	74	519
87	75	499
87	76	455
87	77	351
87	78	269
87	79	174
87	80	134
87	81	79
87	82	61
87	83	39
87	84	18
87	85	18
87	86	4
88	1	578
88	2	842
88	3	1194
88	4	1486
88	5	1922
88	6	2351
88	7	2889
88	8	3421
88	9	4093
88	10	4773
88	11	5307
88	12	6019
88	13	6704
88	14	7549
88	15	8117
88	16	8806
88	17	9329
88	18	10280
88	19	10768
88	20	11393
88	21	12162
88	22	12979
88	23	13614
88	24	14239
88	25	14988
88	26	15504
88	27	15873
88	28	16375
88	29	16747
88	30	17242
88	31	17701
88	32	17589
88	33	18189
88	34	17855
88	35	18315
88	36	17961
88	37	17839
88	38	17403
88	39	17178
88	40	16832
88	41	16338
88	42	15421
88	43	14879
88	44	14264
88	45	13369
88	46	12675
88	47	11641
88	48	10986
88	49	10033
88	50	9246
88	51	8321
88	52	7506
88	53	6843
88	54	6031
88	55	5322
88	56	4828
88	57	4015
88	58	3503
88	59	3173
88	60	2732
88	61	2478
88	62	2105
88	63	1901
88	64	1626
88	65	1507
88	66	1280
88	67	1253
88	68	1081
88	69	982
88	70	872
88	71	835
88	72	758
88	73	710
88	74	603
88	75	479
88	76	492
88	77	444
88	78	319
88	79	237
88	80	158
88	81	126
88	82	73
88	83	57
88	84	36
88	85	17
88	86	15
88	87	4
89	1	568
89	2	818
89	3	1175
89	4	1429
89	5	1857
89	6	2328
89	7	2818
89	8	3290
89	9	3971
89	10	4657
89	11	5183
89	12	5840
89	13	6551
89	14	7334
89	15	7940
89	16	8601
89	17	9183
89	18	10011
89	19	10537
89	20	11147
89	21	11836
89	22	12678
89	23	13264
89	24	13994
89	25	14693
89	26	15200
89	27	15561
89	28	15990
89	29	16436
89	30	16879
89	31	17313
89	32	17406
89	33	17716
89	34	17723
89	35	17898
89	36	17979
89	37	17546
89	38	17402
89	39	16993
89	40	16691
89	41	16350
89	42	15605
89	43	14796
89	44	14471
89	45	13587
89	46	12517
89	47	12105
89	48	11123
89	49	10317
89	50	9524
89	51	8590
89	52	7804
89	53	6982
89	54	6391
89	55	5590
89	56	4994
89	57	4419
89	58	3759
89	59	3274
89	60	2967
89	61	2610
89	62	2227
89	63	1994
89	64	1770
89	65	1543
89	66	1407
89	67	1244
89	68	1166
89	69	1033
89	70	944
89	71	882
89	72	768
89	73	711
89	74	684
89	75	545
89	76	509
89	77	457
89	78	405
89	79	292
89	80	214
89	81	160
89	82	114
89	83	65
89	84	52
89	85	34
89	86	16
89	87	13
89	88	4
90	1	561
90	2	805
90	3	1151
90	4	1403
90	5	1797
90	6	2253
90	7	2775
90	8	3196
90	9	3816
90	10	4561
90	11	5003
90	12	5686
90	13	6344
90	14	7168
90	15	7732
90	16	8409
90	17	8995
90	18	9782
90	19	10350
90	20	10869
90	21	11606
90	22	12270
90	23	13072
90	24	13628
90	25	14311
90	26	14920
90	27	15326
90	28	15691
90	29	15919
90	30	16587
90	31	17055
90	32	17133
90	33	17325
90	34	17679
90	35	17499
90	36	17868
90	37	17340
90	38	17210
90	39	16942
90	40	16681
90	41	15975
90	42	15838
90	43	14828
90	44	14465
90	45	13698
90	46	12881
90	47	12070
90	48	11446
90	49	10489
90	50	9748
90	51	8839
90	52	8098
90	53	7325
90	54	6578
90	55	5921
90	56	5257
90	57	4655
90	58	4015
90	59	3518
90	60	3078
90	61	2836
90	62	2322
90	63	2121
90	64	1838
90	65	1657
90	66	1500
90	67	1277
90	68	1231
90	69	1123
90	70	967
90	71	943
90	72	773
90	73	770
90	74	682
90	75	629
90	76	540
90	77	489
90	78	440
90	79	362
90	80	277
90	81	205
90	82	145
90	83	99
90	84	63
90	85	49
90	86	31
90	87	12
90	88	14
90	89	3
91	1	545
91	2	788
91	3	1121
91	4	1366
91	5	1758
91	6	2157
91	7	2705
91	8	3126
91	9	3722
91	10	4391
91	11	4937
91	12	5496
91	13	6204
91	14	7030
91	15	7500
91	16	8217
91	17	8866
91	18	9629
91	19	10097
91	20	10659
91	21	11289
91	22	11982
91	23	12852
91	24	13305
91	25	13947
91	26	14585
91	27	14979
91	28	15482
91	29	15556
91	30	16213
91	31	16763
91	32	16817
91	33	16976
91	34	17219
91	35	17610
91	36	17498
91	37	17270
91	38	17043
91	39	16762
91	40	16429
91	41	16071
91	42	15823
91	43	14957
91	44	14391
91	45	13782
91	46	13063
91	47	12216
91	48	11591
91	49	10865
91	50	9948
91	51	9136
91	52	8333
91	53	7479
91	54	6867
91	55	6253
91	56	5469
91	57	4920
91	58	4329
91	59	3714
91	60	3271
91	61	2902
91	62	2614
91	63	2179
91	64	1981
91	65	1710
91	66	1612
91	67	1375
91	68	1239
91	69	1181
91	70	1045
91	71	889
91	72	921
91	73	768
91	74	745
91	75	629
91	76	620
91	77	511
91	78	472
91	79	410
91	80	317
91	81	253
91	82	203
91	83	136
91	84	91
91	85	61
91	86	49
91	87	22
91	88	14
91	89	11
91	90	3
92	1	538
92	2	770
92	3	1100
92	4	1323
92	5	1723
92	6	2116
92	7	2598
92	8	3081
92	9	3626
92	10	4268
92	11	4789
92	12	5398
92	13	6061
92	14	6792
92	15	7458
92	16	7940
92	17	8668
92	18	9396
92	19	9928
92	20	10379
92	21	11041
92	22	11727
92	23	12465
92	24	13049
92	25	13620
92	26	14299
92	27	14744
92	28	15113
92	29	15371
92	30	15877
92	31	16319
92	32	16411
92	33	16873
92	34	16974
92	35	17246
92	36	17299
92	37	17095
92	38	16918
92	39	16576
92	40	16398
92	41	16003
92	42	15752
92	43	15010
92	44	14467
92	45	13830
92	46	13108
92	47	12468
92	48	11729
92	49	11014
92	50	10191
92	51	9372
92	52	8629
92	53	7762
92	54	7077
92	55	6528
92	56	5768
92	57	5086
92	58	4590
92	59	3995
92	60	3446
92	61	3120
92	62	2681
92	63	2419
92	64	2075
92	65	1838
92	66	1597
92	67	1512
92	68	1288
92	69	1200
92	70	1119
92	71	977
92	72	892
92	73	847
92	74	751
92	75	710
92	76	612
92	77	581
92	78	506
92	79	444
92	80	367
92	81	309
92	82	241
92	83	190
92	84	119
92	85	88
92	86	65
92	87	34
92	88	21
92	89	11
92	90	11
92	91	3
93	1	534
93	2	753
93	3	1087
93	4	1292
93	5	1675
93	6	2055
93	7	2523
93	8	2956
93	9	3566
93	10	4140
93	11	4640
93	12	5268
93	13	5908
93	14	6585
93	15	7248
93	16	7805
93	17	8459
93	18	9225
93	19	9735
93	20	10086
93	21	10964
93	22	11412
93	23	12083
93	24	12794
93	25	13368
93	26	13904
93	27	14625
93	28	14735
93	29	15030
93	30	15587
93	31	16124
93	32	16035
93	33	16641
93	34	16530
93	35	16949
93	36	17088
93	37	16937
93	38	16747
93	39	16520
93	40	16144
93	41	16107
93	42	15547
93	43	15095
93	44	14508
93	45	13819
93	46	13209
93	47	12597
93	48	11840
93	49	11250
93	50	10432
93	51	9572
93	52	8982
93	53	7940
93	54	7328
93	55	6713
93	56	6121
93	57	5342
93	58	4765
93	59	4243
93	60	3708
93	61	3181
93	62	2924
93	63	2508
93	64	2264
93	65	1928
93	66	1686
93	67	1553
93	68	1424
93	69	1237
93	70	1178
93	71	1016
93	72	944
93	73	898
93	74	775
93	75	732
93	76	665
93	77	594
93	78	554
93	79	491
93	80	396
93	81	353
93	82	292
93	83	232
93	84	176
93	85	109
93	86	87
93	87	57
93	88	27
93	89	21
93	90	8
93	91	13
93	92	1
94	1	533
94	2	733
94	3	1063
94	4	1258
94	5	1628
94	6	2021
94	7	2445
94	8	2855
94	9	3482
94	10	4051
94	11	4512
94	12	5162
94	13	5759
94	14	6406
94	15	7093
94	16	7560
94	17	8315
94	18	8961
94	19	9494
94	20	9951
94	21	10659
94	22	11235
94	23	11797
94	24	12424
94	25	13045
94	26	13702
94	27	14290
94	28	14514
94	29	14719
94	30	15345
94	31	15762
94	32	15824
94	33	16278
94	34	16355
94	35	16607
94	36	16836
94	37	16682
94	38	16608
94	39	16476
94	40	15968
94	41	15861
94	42	15606
94	43	15170
94	44	14408
94	45	13908
94	46	13394
94	47	12633
94	48	11993
94	49	11363
94	50	10600
94	51	9863
94	52	9195
94	53	8273
94	54	7554
94	55	6843
94	56	6332
94	57	5662
94	58	5006
94	59	4539
94	60	3897
94	61	3368
94	62	3046
94	63	2667
94	64	2384
94	65	2119
94	66	1769
94	67	1563
94	68	1484
94	69	1377
94	70	1194
94	71	1083
94	72	971
94	73	928
94	74	838
94	75	755
94	76	713
94	77	614
94	78	595
94	79	511
94	80	468
94	81	382
94	82	337
94	83	269
94	84	207
94	85	167
94	86	103
94	87	83
94	88	48
94	89	24
94	90	18
94	91	10
94	92	10
94	93	1
95	1	529
95	2	729
95	3	1037
95	4	1230
95	5	1587
95	6	1981
95	7	2383
95	8	2773
95	9	3368
95	10	3942
95	11	4408
95	12	5009
95	13	5665
95	14	6192
95	15	6936
95	16	7413
95	17	8050
95	18	8804
95	19	9337
95	20	9742
95	21	10439
95	22	10994
95	23	11611
95	24	12135
95	25	12706
95	26	13458
95	27	13998
95	28	14219
95	29	14476
95	30	15143
95	31	15365
95	32	15513
95	33	15965
95	34	16180
95	35	16323
95	36	16488
95	37	16540
95	38	16544
95	39	16242
95	40	15895
95	41	15605
95	42	15712
95	43	15081
95	44	14621
95	45	13873
95	46	13396
95	47	12702
95	48	12227
95	49	11404
95	50	10844
95	51	9937
95	52	9465
95	53	8579
95	54	7782
95	55	7002
95	56	6560
95	57	5964
95	58	5186
95	59	4743
95	60	4191
95	61	3616
95	62	3180
95	63	2866
95	64	2498
95	65	2232
95	66	1933
95	67	1640
95	68	1501
95	69	1445
95	70	1260
95	71	1150
95	72	1039
95	73	945
95	74	876
95	75	798
95	76	739
95	77	679
95	78	575
95	79	566
95	80	500
95	81	437
95	82	355
95	83	317
95	84	261
95	85	200
95	86	148
95	87	102
95	88	72
95	89	41
95	90	25
95	91	13
95	92	10
95	93	10
96	1	522
96	2	724
96	3	1008
96	4	1198
96	5	1563
96	6	1939
96	7	2315
96	8	2684
96	9	3263
96	10	3886
96	11	4289
96	12	4888
96	13	5544
96	14	6077
96	15	6689
96	16	7257
96	17	7847
96	18	8578
96	19	9185
96	20	9554
96	21	10141
96	22	10883
96	23	11377
96	24	11858
96	25	12355
96	26	13243
96	27	13702
96	28	13945
96	29	14223
96	30	14795
96	31	15177
96	32	15289
96	33	15619
96	34	15845
96	35	16149
96	36	16113
96	37	16314
96	38	16502
96	39	16057
96	40	15877
96	41	15427
96	42	15479
96	43	15177
96	44	14534
96	45	13973
96	46	13322
96	47	12820
96	48	12362
96	49	11594
96	50	10957
96	51	10267
96	52	9476
96	53	8803
96	54	8157
96	55	7209
96	56	6773
96	57	6105
96	58	5505
96	59	4860
96	60	4520
96	61	3790
96	62	3441
96	63	2970
96	64	2702
96	65	2270
96	66	2107
96	67	1785
96	68	1577
96	69	1428
96	70	1349
96	71	1197
96	72	1081
96	73	1031
96	74	868
96	75	878
96	76	749
96	77	723
96	78	613
96	79	575
96	80	543
96	81	471
96	82	417
96	83	330
96	84	305
96	85	248
96	86	180
96	87	143
96	88	96
96	89	63
96	90	37
96	91	25
96	92	10
96	93	13
96	94	5
97	1	517
97	2	712
97	3	1001
97	4	1164
97	5	1524
97	6	1902
97	7	2236
97	8	2608
97	9	3161
97	10	3802
97	11	4175
97	12	4760
97	13	5410
97	14	5959
97	15	6478
97	16	7110
97	17	7660
97	18	8384
97	19	8926
97	20	9442
97	21	9928
97	22	10672
97	23	11152
97	24	11675
97	25	11988
97	26	13010
97	27	13387
97	28	13667
97	29	14017
97	30	14448
97	31	14942
97	32	15054
97	33	15257
97	34	15690
97	35	15832
97	36	16010
97	37	15917
97	38	16343
97	39	15954
97	40	15710
97	41	15322
97	42	15376
97	43	15181
97	44	14422
97	45	14029
97	46	13563
97	47	12772
97	48	12170
97	49	11882
97	50	11129
97	51	10417
97	52	9790
97	53	8964
97	54	8326
97	55	7490
97	56	7001
97	57	6330
97	58	5654
97	59	5118
97	60	4698
97	61	4073
97	62	3583
97	63	3202
97	64	2858
97	65	2400
97	66	2177
97	67	1922
97	68	1694
97	69	1511
97	70	1387
97	71	1273
97	72	1124
97	73	1086
97	74	932
97	75	855
97	76	817
97	77	745
97	78	670
97	79	609
97	80	552
97	81	504
97	82	449
97	83	389
97	84	311
97	85	294
97	86	232
97	87	167
97	88	137
97	89	83
97	90	58
97	91	38
97	92	19
97	93	11
97	94	12
97	95	4
98	1	510
98	2	709
98	3	983
98	4	1147
98	5	1490
98	6	1849
98	7	2183
98	8	2547
98	9	3069
98	10	3668
98	11	4110
98	12	4625
98	13	5267
98	14	5829
98	15	6348
98	16	6895
98	17	7494
98	18	8152
98	19	8697
98	20	9290
98	21	9718
98	22	10411
98	23	10944
98	24	11458
98	25	11771
98	26	12626
98	27	13157
98	28	13413
98	29	13737
98	30	14243
98	31	14628
98	32	14745
98	33	15061
98	34	15425
98	35	15656
98	36	15685
98	37	15583
98	38	16100
98	39	15897
98	40	15660
98	41	15204
98	42	15207
98	43	15092
98	44	14533
98	45	13978
98	46	13583
98	47	12909
98	48	12235
98	49	11936
98	50	11233
98	51	10531
98	52	10066
98	53	9122
98	54	8502
98	55	7740
98	56	7246
98	57	6509
98	58	5921
98	59	5342
98	60	4877
98	61	4294
98	62	3771
98	63	3389
98	64	3007
98	65	2604
98	66	2288
98	67	1980
98	68	1844
98	69	1575
98	70	1458
98	71	1309
98	72	1207
98	73	1080
98	74	1014
98	75	919
98	76	801
98	77	788
98	78	709
98	79	643
98	80	586
98	81	517
98	82	499
98	83	425
98	84	374
98	85	289
98	86	282
98	87	212
98	88	155
98	89	124
98	90	79
98	91	54
98	92	32
98	93	19
98	94	11
98	95	10
98	96	3
99	1	490
99	2	712
99	3	962
99	4	1120
99	5	1485
99	6	1808
99	7	2116
99	8	2506
99	9	2975
99	10	3528
99	11	4013
99	12	4474
99	13	5152
99	14	5769
99	15	6155
99	16	6755
99	17	7284
99	18	7984
99	19	8499
99	20	9141
99	21	9506
99	22	10155
99	23	10764
99	24	11285
99	25	11613
99	26	12243
99	27	12876
99	28	13189
99	29	13480
99	30	14012
99	31	14343
99	32	14485
99	33	14923
99	34	15034
99	35	15316
99	36	15560
99	37	15523
99	38	15671
99	39	15856
99	40	15525
99	41	15206
99	42	14861
99	43	15093
99	44	14514
99	45	14009
99	46	13560
99	47	12990
99	48	12274
99	49	11996
99	50	11331
99	51	10730
99	52	10090
99	53	9456
99	54	8703
99	55	7953
99	56	7435
99	57	6727
99	58	6156
99	59	5499
99	60	5108
99	61	4548
99	62	4000
99	63	3545
99	64	3174
99	65	2767
99	66	2422
99	67	2137
99	68	1836
99	69	1724
99	70	1543
99	71	1347
99	72	1283
99	73	1104
99	74	1060
99	75	972
99	76	836
99	77	804
99	78	739
99	79	662
99	80	642
99	81	545
99	82	521
99	83	448
99	84	412
99	85	355
99	86	275
99	87	259
99	88	214
99	89	137
99	90	111
99	91	81
99	92	45
99	93	33
99	94	16
99	95	12
99	96	7
99	97	3
100	1	488
100	2	696
100	3	961
100	4	1109
100	5	1443
100	6	1776
100	7	2058
100	8	2464
100	9	2888
100	10	3425
100	11	3900
100	12	4359
100	13	5074
100	14	5626
100	15	6028
100	16	6578
100	17	7141
100	18	7759
100	19	8367
100	20	8961
100	21	9343
100	22	9854
100	23	10550
100	24	11096
100	25	11407
100	26	11971
100	27	12597
100	28	12924
100	29	13235
100	30	13816
100	31	14102
100	32	14185
100	33	14720
100	34	14771
100	35	15073
100	36	15252
100	37	15443
100	38	15389
100	39	15639
100	40	15435
100	41	14895
100	42	14938
100	43	14868
100	44	14519
100	45	14000
100	46	13615
100	47	13111
100	48	12300
100	49	11959
100	50	11422
100	51	10811
100	52	10273
100	53	9580
100	54	8930
100	55	8222
100	56	7615
100	57	6922
100	58	6350
100	59	5775
100	60	5255
100	61	4725
100	62	4290
100	63	3685
100	64	3313
100	65	2961
100	66	2547
100	67	2332
100	68	1967
100	69	1799
100	70	1624
100	71	1471
100	72	1261
100	73	1173
100	74	1111
100	75	1019
100	76	861
100	77	839
100	78	768
100	79	716
100	80	622
100	81	624
100	82	531
100	83	498
100	84	412
100	85	397
100	86	338
100	87	258
100	88	244
100	89	209
100	90	113
100	91	115
100	92	68
100	93	45
100	94	32
100	95	11
100	96	12
100	97	6
100	98	3
